instance,algo,seed,phi,nv,dist,fuel,emis,IF,plow,pmed,phigh,lam,runtime,iters,error
C101,GLS,1,"(1.0, 1.0, 1.0)",10,828.936866942834,271.67425681725535,706.353067724864,0.3277381760316746,63.99835200971797,30.358308915234314,5.6433390750477095,0.425793920105582,30.068413257598877,228,
C101,GLS,1,"(0.85, 1.0, 1.18)",10,828.9368669428338,244.71358928551035,636.2553321423269,0.2952137841184793,70.39556721263418,29.60443278736582,0.0,0.42579392010558187,30.1372127532959,202,
C101,GLS,3,"(0.75, 1.0, 1.3)",10,852.9482006279469,225.59139946544184,586.5376386101487,0.26448429025274894,78.4562696009334,21.543730399066604,0.0,0.414442013586723,30.044167041778564,215,
C101,GLS,2,"(0.85, 1.0, 1.18)",10,833.2427178513223,247.80736036091864,644.2991369383885,0.2974011714137003,65.60028575837988,34.39971424162014,0.0,0.428001593932215,30.089179754257202,225,
C101,GLS,2,"(0.93, 1.0, 1.09)",10,849.708800425092,265.51655520459565,690.3430435319488,0.31247946952151506,71.11927550932536,28.880724490674652,0.0,0.42580987299525697,30.124685049057007,227,
C101,GLS,1,"(0.75, 1.0, 1.3)",10,852.9482006279468,225.59139946544187,586.5376386101489,0.264484290252749,78.45626960093341,21.543730399066604,0.0,0.41444201358672317,30.236200094223022,215,
C101,GLS,2,"(1.0, 1.0, 1.0)",10,828.936866942834,271.67425681725535,706.353067724864,0.3277381760316746,63.998352009717976,30.35830891523432,5.64333907504771,0.425793920105582,30.237202644348145,205,
C101,GLS,3,"(0.93, 1.0, 1.09)",10,828.9368669428338,259.0926119691077,673.64079111968,0.3125601264721835,70.39556721263416,29.60443278736583,0.0,0.4257939201055819,30.17620539665222,214,
C101,GLS,3,"(1.0, 1.0, 1.0)",10,833.2427178513224,273.6373069820976,711.4569981534537,0.32840047817966456,63.58432826381165,24.74873712764215,11.6669346085462,0.4280015939322152,30.209202527999878,227,
C101,GLS,1,"(0.93, 1.0, 1.09)",10,828.936866942834,259.0926119691077,673.64079111968,0.31256012647218345,70.39556721263416,29.604432787365823,0.0,0.4257939201055819,30.358754634857178,220,
C101,GLS,3,"(0.85, 1.0, 1.18)",10,828.9368669428338,244.71358928551038,636.255332142327,0.2952137841184793,70.39556721263416,29.604432787365827,0.0,0.42579392010558187,30.228442430496216,255,
C101,HGLS,1,"(0.93, 1.0, 1.09)",10,828.936866942834,259.0926119691077,673.64079111968,0.31256012647218345,70.39556721263416,29.604432787365823,0.0,0.4257939201055819,30.208566665649414,213,
C101,GLS,2,"(0.75, 1.0, 1.3)",10,852.9482006279468,225.59139946544184,586.5376386101487,0.26448429025274894,78.4562696009334,21.5437303990666,0.0,0.41444201358672295,30.406020402908325,225,
C101,HGLS,1,"(1.0, 1.0, 1.0)",10,828.9368669428338,271.67425681725535,706.353067724864,0.32773817603167466,63.99835200971797,30.358308915234314,5.6433390750477095,0.4257939201055819,30.521210432052612,219,
C101,HGLS,1,"(0.85, 1.0, 1.18)",10,828.9368669428338,244.71358928551035,636.2553321423269,0.2952137841184793,70.39556721263416,29.604432787365816,0.0,0.42579392010558204,30.213630437850952,238,
C101,HGLS,2,"(0.93, 1.0, 1.09)",10,828.9368669428338,259.0926119691077,673.64079111968,0.3125601264721835,70.39556721263416,29.60443278736583,0.0,0.4257939201055819,30.138988733291626,251,
C101,HGLS,2,"(0.75, 1.0, 1.3)",10,852.9482006279469,225.59139946544184,586.5376386101487,0.26448429025274894,78.4562696009334,21.543730399066597,0.0,0.4144420135867231,30.08096671104431,208,
C101,HGLS,1,"(0.75, 1.0, 1.3)",10,850.8991452063741,228.5080929346266,594.1210416300291,0.26854897460169036,73.55880325998173,26.44119674001828,0.0,0.4198145144467132,30.203001976013184,219,
C101,HGLS,2,"(0.85, 1.0, 1.18)",10,828.9368669428338,244.71358928551038,636.255332142327,0.2952137841184793,70.39556721263419,29.604432787365823,0.0,0.42579392010558204,30.16748595237732,228,
C101,HGLS,3,"(1.0, 1.0, 1.0)",10,828.9368669428338,271.67425681725535,706.353067724864,0.32773817603167466,63.99835200971797,30.358308915234325,5.64333907504771,0.42579392010558204,30.129931211471558,201,
C101,HGLS,3,"(0.85, 1.0, 1.18)",10,828.9368669428338,244.71358928551038,636.255332142327,0.2952137841184793,70.39556721263416,29.604432787365827,0.0,0.42579392010558204,30.106930255889893,201,
C101,HGLS,3,"(0.93, 1.0, 1.09)",10,828.9368669428338,259.0926119691077,673.64079111968,0.3125601264721835,70.39556721263418,29.604432787365834,0.0,0.42579392010558204,30.246538877487183,217,
C101,HGLS,2,"(1.0, 1.0, 1.0)",10,828.936866942834,271.67425681725535,706.353067724864,0.3277381760316746,63.998352009717976,30.35830891523432,5.64333907504771,0.4257939201055819,30.4770827293396,219,
C108,GLS,1,"(0.93, 1.0, 1.09)",10,863.6971753299625,266.0587288595984,691.7526950349558,0.3080463112061871,87.26355843268867,12.736441567311322,0.0,0.4263836021483277,30.29677391052246,212,
C101,HGLS,3,"(0.75, 1.0, 1.3)",10,850.5697883876921,226.23881487384466,588.2209186719962,0.2659850114153412,78.39602778094235,21.603972219057663,0.0,0.41995771366874457,30.452860593795776,243,
C108,GLS,1,"(1.0, 1.0, 1.0)",10,913.8630741839128,296.5316127230062,770.9821930798162,0.3244814470568377,88.41374535680188,2.253210668388386,9.333043974809701,0.41493815685612556,30.47708296775818,210,
C108,GLS,1,"(0.75, 1.0, 1.3)",10,1127.6201709440038,285.38088886811977,741.9903110571114,0.25308246182684807,82.52706006752815,17.47293993247182,0.0,0.39836184494343746,30.29244065284729,245,
C108,GLS,1,"(0.85, 1.0, 1.18)",10,989.3674712523577,274.3003014295416,713.1807837168082,0.27724815035845857,95.588762276845,4.046807783801929,0.3644299393530719,0.409457623789805,30.51215696334839,220,
C108,GLS,2,"(1.0, 1.0, 1.0)",10,944.7860503188654,306.840855664898,797.7862247287349,0.3247728473143091,70.70047141887,6.1418938560466225,23.157634725083383,0.41590949104769703,30.1048321723938,220,
C108,GLS,3,"(1.0, 1.0, 1.0)",10,863.6971753299625,283.2193289007501,736.3702551419503,0.32791508064449837,87.49512107491172,4.471360768841246,8.033518156247016,0.42638360214832755,30.121161460876465,184,
C108,GLS,2,"(0.85, 1.0, 1.18)",10,1085.5971402329733,310.4888787219643,807.2710846771072,0.2860074582135802,81.66135368848036,12.635681143854363,5.702965167665238,0.4054454128904643,30.163760900497437,229,
C108,GLS,2,"(0.75, 1.0, 1.3)",10,945.9309612382401,242.6071196566799,630.7785111073678,0.2564744464427964,91.43528254785788,8.564717452142094,0.0,0.4369647296486007,30.22281527519226,222,
C108,GLS,2,"(0.93, 1.0, 1.09)",10,828.9368669428338,254.0773541099518,660.6011206858748,0.3065098974871313,92.18185641374657,7.818143586253409,0.0,0.42579392010558204,30.33933115005493,210,
C108,GLS,3,"(0.93, 1.0, 1.09)",10,828.9368669428338,254.07735410995178,660.6011206858747,0.3065098974871313,92.18185641374659,7.818143586253409,0.0,0.425793920105582,30.294870376586914,205,
C108,GLS,3,"(0.85, 1.0, 1.18)",10,828.9368669428338,233.96660815874782,608.3131812127443,0.282249007721939,92.1818564137466,7.8181435862534086,0.0,0.4257939201055818,30.334874391555786,210,
C108,HGLS,1,"(0.93, 1.0, 1.09)",10,863.6971753299626,266.0587288595984,691.7526950349558,0.30804631120618703,87.26355843268867,12.736441567311322,0.0,0.4263836021483277,30.130120992660522,244,
C108,GLS,3,"(0.75, 1.0, 1.3)",10,945.2953281090794,236.01054239643963,613.6274102307431,0.24966858015530777,88.10592186809669,11.89407813190331,0.0,0.3970586758777812,30.248637914657593,245,
C108,HGLS,1,"(1.0, 1.0, 1.0)",10,964.7002434278406,319.08764766253125,829.6278839225813,0.3307635193795812,72.83774743616878,5.54376308237054,21.618489481460664,0.43587839793193717,30.161123752593994,215,
C108,HGLS,1,"(0.75, 1.0, 1.3)",10,976.441595715171,250.5345371490635,651.3897965875651,0.2565791320735016,88.01484043654109,11.98515956345891,0.0,0.4233015812902208,30.069011211395264,260,
C108,HGLS,2,"(1.0, 1.0, 1.0)",10,863.6971753299625,283.2193289007501,736.3702551419503,0.32791508064449837,87.49512107491174,4.4713607688412464,8.033518156247018,0.42638360214832766,30.07151985168457,226,
C108,HGLS,2,"(0.93, 1.0, 1.09)",10,833.2427178513223,255.90299076325508,665.3477759844632,0.3071169843801942,92.22225731967993,7.777742680320056,0.0,0.42800159393221493,30.279614686965942,194,
C108,HGLS,1,"(0.85, 1.0, 1.18)",10,864.4727674080909,245.05795450468705,637.1506817121864,0.2834767776889411,90.99943023881853,9.000569761181454,0.0,0.42871691139508217,30.65076446533203,232,
C108,HGLS,3,"(1.0, 1.0, 1.0)",10,1205.1952966791744,402.9946401434015,1047.786064372844,0.33438119220496726,35.00619041808546,13.196230543268355,51.7975790386462,0.4479373073498904,30.129612684249878,180,
C108,HGLS,3,"(0.93, 1.0, 1.09)",10,976.3180541547231,302.3491490030479,786.1077874079245,0.3096830461307159,87.07254002497189,12.9274599750281,0.0,0.43080797504608903,30.09576940536499,197,
C108,HGLS,2,"(0.75, 1.0, 1.3)",10,946.4636183133018,237.94364162435744,618.6534682233294,0.2514028400250589,92.66778037744122,7.332219622558765,0.0,0.4306737215642461,30.20434284210205,257,
C108,HGLS,3,"(0.85, 1.0, 1.18)",10,828.9368669428338,233.96660815874782,608.3131812127443,0.282249007721939,92.18185641374659,7.818143586253409,0.0,0.425793920105582,30.080655097961426,214,
C108,HGLS,3,"(0.75, 1.0, 1.3)",10,889.8416594488874,225.05414513116696,585.1407773410341,0.25291482225113116,90.93963372962793,9.06036627037207,0.0,0.42509052275359016,30.09766960144043,212,
C203,GLS,1,"(0.85, 1.0, 1.18)",3,1197.2615866255107,376.41513144435686,978.6793417553279,0.3143967330525364,6.121779569330613,67.35523071771453,26.522989712954836,0.3450305136416156,30.14718508720398,14,
C108,HGLS,2,"(0.85, 1.0, 1.18)",10,828.9368669428341,233.96660815874782,608.3131812127443,0.2822490077219389,92.18185641374659,7.818143586253409,0.0,0.4257939201055819,30.620201349258423,292,
C203,GLS,1,"(0.75, 1.0, 1.3)",3,1202.1612897373984,387.7451840106837,1008.1374784277778,0.32254006789337164,6.0968287556068645,66.17975132480984,27.72341991958327,0.34466038429697515,30.383427381515503,14,
C203,GLS,1,"(0.93, 1.0, 1.09)",3,1197.383056137925,376.01197351680247,977.6311311436865,0.31402813960772313,0.0,77.79835646710319,22.201643532896792,0.3609039955405184,31.529694318771362,14,
C203,GLS,1,"(1.0, 1.0, 1.0)",3,1145.2535448055355,348.52363874304615,906.16146073192,0.30432006984289717,15.905026237359335,2.806324416518577,81.2886493461221,0.34773356614299067,31.572067975997925,19,
C203,GLS,2,"(1.0, 1.0, 1.0)",4,1028.7330981886062,292.54089223902815,760.6063198214732,0.28437005940037735,80.56200445697114,0.4956601010088174,18.94233544202002,0.2812335313345909,31.706613779067993,57,
C203,GLS,2,"(0.75, 1.0, 1.3)",4,1121.7556320247404,245.42470162113415,638.1042242149488,0.2187862441823883,94.75173179992186,5.248268200078149,0.0,0.28980522452148894,31.332410097122192,50,
C203,GLS,2,"(0.93, 1.0, 1.09)",4,1111.425940240573,302.37385172130746,786.1720144753995,0.27205937955331266,81.82778264593013,18.172217354069865,0.0,0.29714131566162827,31.815080881118774,32,
C203,GLS,2,"(0.85, 1.0, 1.18)",4,1005.5858833771126,249.45203439241283,648.5752894202734,0.24806636460991752,95.90957404729238,4.090425952707615,0.0,0.3011974692445716,34.223411321640015,45,
C203,GLS,3,"(0.75, 1.0, 1.3)",3,997.333209538855,281.8980472862961,732.9349229443699,0.28265182046493725,23.94831672643658,76.05168327356343,0.0,0.35180996275002935,30.61525297164917,14,
C203,HGLS,1,"(0.85, 1.0, 1.18)",3,1175.0276582334373,392.1497352746435,1019.5893117140731,0.3337365997530732,17.584951912636676,35.35597334480726,47.05907474255608,0.3852221262206242,30.549528121948242,13,
C203,GLS,3,"(0.85, 1.0, 1.18)",3,985.1459822209938,293.5711758583948,763.2850572318265,0.2979976380724244,13.874473170420003,80.42869214184402,5.696834687735963,0.3428950271897643,30.866374492645264,14,
C203,GLS,3,"(0.93, 1.0, 1.09)",3,1036.789764522682,336.0617834356153,873.7606369325998,0.3241368645169175,12.850450721084886,42.279021183325646,44.87052809558945,0.38270804838209654,30.972901344299316,14,
C203,HGLS,1,"(0.75, 1.0, 1.3)",3,1193.4523451408581,409.7181310345202,1065.2671406897525,0.3433049779513089,10.94086706992562,49.927293600153924,39.13183932992045,0.3789714105182941,31.1276798248291,13,
C203,HGLS,1,"(1.0, 1.0, 1.0)",3,1192.48902702325,369.0648625844891,959.5686427196717,0.3094912022006333,20.93096396116414,2.1867546811650596,76.88228135767078,0.36497067400211086,31.850461721420288,15,
C203,HGLS,2,"(1.0, 1.0, 1.0)",3,1175.2657012760671,353.30958176371973,918.6049125856713,0.3006210267006917,13.226363848274802,2.2910542675872256,84.48258188413793,0.33540342233563875,30.745529174804688,60,
C203,GLS,3,"(1.0, 1.0, 1.0)",3,975.9433090208765,302.73865355694,787.120499248044,0.3102010647121144,12.337788179439414,1.3998665356286957,86.26234528493188,0.36733688237371476,32.82257151603699,30,
C203,HGLS,2,"(0.85, 1.0, 1.18)",4,973.598988460531,241.1063065385256,626.8763970001665,0.2476443683654257,83.72926676795309,16.27073323204691,0.0,0.28266067428236236,31.273794889450073,55,
C203,HGLS,1,"(0.93, 1.0, 1.09)",3,1195.6550689722808,371.1971604240123,965.112617102432,0.31045505518834365,6.501159067287867,64.96401010355058,28.534830829161525,0.34587921123012816,33.20775103569031,15,
C203,HGLS,2,"(0.75, 1.0, 1.3)",4,1035.7194373924367,224.81738376421174,584.5251977869506,0.21706398050249961,92.81145649047598,7.18854350952404,0.0,0.28102881457667045,31.838625192642212,48,
C203,HGLS,2,"(0.93, 1.0, 1.09)",4,1048.8332264027845,283.0399815182022,735.9039519473257,0.269861761043701,98.54151659618535,1.4584834038146506,0.0,0.2995499634879909,32.798419713974,27,
C203,HGLS,3,"(1.0, 1.0, 1.0)",4,1056.0574457669038,300.2671283457123,780.6945336988521,0.2843284042447708,13.74829055619833,10.888113661379492,75.36359578242218,0.28109468081590266,34.50531244277954,32,
C203,HGLS,3,"(0.93, 1.0, 1.09)",3,1051.4016822502117,336.83594611298497,875.7734598937609,0.3203684679218775,23.67456384245787,47.079712553925816,29.245723603616295,0.3883280329369286,36.533600091934204,7,
C203,HGLS,3,"(0.85, 1.0, 1.18)",3,1019.8830203934949,298.68125109322983,776.5712528423976,0.2928583426930586,21.200981203531153,78.79901879646884,0.0,0.34676794325909915,30.74403977394104,10,
C206,GLS,1,"(1.0, 1.0, 1.0)",3,750.1950291266359,233.60391528633832,607.3701797444796,0.3113909133179621,32.09679169461662,0.3998960115068406,67.5033122938765,0.37130304439320655,30.590736150741577,52,
C206,GLS,1,"(0.85, 1.0, 1.18)",3,909.760344434228,274.4080533440672,713.4609386945747,0.3016267471129654,25.596836135892467,62.398133802153396,12.005030061954145,0.3559154697311614,31.345367908477783,19,
C203,HGLS,3,"(0.75, 1.0, 1.3)",3,1022.5462965610218,292.8144168475003,761.3174838035007,0.2863581021536918,19.608450526024154,80.39154947397583,0.0,0.35114688990327336,32.19775462150574,11,
C206,GLS,2,"(0.93, 1.0, 1.09)",3,861.0510085488677,263.25393365763205,684.4602275098433,0.3057355848189468,19.43472636901271,45.88812874495384,34.677144886033446,0.33870825488635786,30.991586923599243,45,
C206,GLS,2,"(1.0, 1.0, 1.0)",3,744.3343001395671,231.13355283816963,600.9472373792411,0.3105238503651259,40.24659165859525,2.7696598321779287,56.983748509226785,0.36841283455041934,32.31202697753906,40,
C206,GLS,2,"(0.75, 1.0, 1.3)",3,833.2633391161197,253.14102922084487,658.1666759741967,0.3037947517160218,13.391932184006277,53.31634983085645,33.29171798513725,0.30648349931728336,31.99540662765503,30,
C206,GLS,3,"(1.0, 1.0, 1.0)",4,949.6732277706998,279.6777414353186,727.1621277318284,0.2944989215836326,54.390405096178085,2.1708022849587962,43.43879261886313,0.3149964052787755,33.84076523780823,25,
C206,GLS,3,"(0.93, 1.0, 1.09)",4,891.4689024559905,247.99788182399496,644.7944927423869,0.2781901658496023,43.11445925178715,41.425008964404356,15.460531783808486,0.27699864221315473,33.4413378238678,20,
C206,GLS,1,"(0.93, 1.0, 1.09)",4,952.7986774101714,261.9281930123921,681.0133018322196,0.27490402665581615,85.42588759863074,12.484670956758821,2.089441444610466,0.3068451195412959,38.121044874191284,35,
C206,GLS,1,"(0.75, 1.0, 1.3)",3,872.8854594044426,265.99968514536636,691.5991813779525,0.30473607078625664,22.153625531022875,56.22012839875728,21.626246070219807,0.33137764282377286,37.82764148712158,45,
C206,GLS,3,"(0.85, 1.0, 1.18)",4,1032.8798169005872,264.1312730076029,686.7413098197675,0.25572314289206893,68.7423388693303,31.257661130669685,0.0,0.2855643171043343,33.24572396278381,35,
C206,GLS,2,"(0.85, 1.0, 1.18)",3,858.0668231276838,236.59577539972952,615.1490160392967,0.2757311773660349,43.41961405894676,52.61114114404458,3.9692447970086255,0.3104542397024545,36.99799394607544,45,
C206,GLS,3,"(0.75, 1.0, 1.3)",4,1048.5890501806134,246.44024513650166,640.7446373549043,0.23502080733539393,67.77864357848831,28.86789753506977,3.3534588864418953,0.26276513373797256,31.536157369613647,38,
C206,HGLS,1,"(0.93, 1.0, 1.09)",4,997.7830349403425,281.7750033410713,732.6150086867854,0.282401076660838,70.27246357236436,29.72753642763564,0.0,0.32494991770351,31.493480920791626,26,
C206,HGLS,1,"(1.0, 1.0, 1.0)",4,791.9139944775603,230.46528015863288,599.2097284124455,0.2910231183762258,76.56094989546426,6.614710693202252,16.8243394113335,0.3034103945874193,33.770641565322876,57,
C206,HGLS,2,"(0.93, 1.0, 1.09)",3,926.7616614832812,269.52492683846964,700.7648097800211,0.2908244244880558,31.926070476348418,43.987212887555216,24.086716636096348,0.3061095095546891,30.725501775741577,54,
C206,HGLS,1,"(0.75, 1.0, 1.3)",4,919.7716823685859,202.16935874982897,525.6403327495553,0.2198038520051027,92.32070318958301,7.6792968104169805,0.0,0.28624519780592234,32.74423551559448,41,
C206,HGLS,1,"(0.85, 1.0, 1.18)",3,897.4876825292655,285.7885458663269,743.05021925245,0.31843171937572284,24.748828036217308,43.250510721700415,32.00066124208227,0.3671053663239132,36.379202127456665,15,
C206,HGLS,2,"(0.85, 1.0, 1.18)",3,875.0608034349079,252.89082061959317,657.5161336109422,0.28899799834127143,29.04276418607672,52.75566152418756,18.20157428973571,0.3083698319376786,33.99885058403015,37,
C206,HGLS,2,"(0.75, 1.0, 1.3)",4,920.314045027484,201.9011418623736,524.9429688421714,0.21938287582728794,91.03037878872873,8.969621211271262,0.0,0.2835400766351227,32.301568031311035,40,
R104,GLS,1,"(1.0, 1.0, 1.0)",10,1022.9772962332584,296.4737612668043,770.8317792936912,0.28981460522971625,11.44943864650582,14.389100512958395,74.16146084053578,0.2993820174323872,30.821653842926025,155,
C206,HGLS,3,"(1.0, 1.0, 1.0)",4,930.0243749651387,272.58085489632293,708.7102227304397,0.2930900116532327,54.054675727591736,2.2166653566322987,43.728658915775945,0.3103000388441089,33.18281865119934,36,
C206,HGLS,3,"(0.93, 1.0, 1.09)",4,880.4134636395102,245.54291400527072,638.4115764137039,0.2788950012079887,50.89128415016973,39.251800005015745,9.856915844814498,0.28761741637190247,32.341387033462524,22,
C206,HGLS,3,"(0.75, 1.0, 1.3)",4,1004.5081853397576,239.88639612311954,623.7046299201108,0.23880979729595941,64.84366480368541,31.65571636625051,3.5006188300640706,0.2698782579660559,32.02875804901123,36,
C206,HGLS,2,"(1.0, 1.0, 1.0)",4,947.2158587571063,269.71435603506995,701.2573256911819,0.2847443415790957,35.20568421590908,3.134089834486849,61.660225949604055,0.2824811385969856,38.21885538101196,32,
R104,GLS,1,"(0.93, 1.0, 1.09)",10,1050.8546943447438,302.24809048887926,785.8450352710861,0.28762120216567605,25.577372321644685,62.62920191359221,11.793425764763084,0.3007743771331326,30.478922128677368,142,
C206,HGLS,3,"(0.85, 1.0, 1.18)",4,943.2514642956896,243.94445996830848,634.255595917602,0.25862081237314355,69.24254618666735,27.029497481794365,3.727956331538253,0.28655230297271833,34.74653601646423,25,
R104,GLS,1,"(0.85, 1.0, 1.18)",10,1160.3296069384853,342.0524867043919,889.336465431419,0.29478907084590644,18.08161135188527,63.41447776636229,18.50391088175241,0.31352702658559584,30.364962816238403,154,
R104,GLS,1,"(0.75, 1.0, 1.3)",10,1099.0633861304163,324.85712468327966,844.6285241765272,0.2955763323415195,25.677449316831925,59.69332313515338,14.629227548014658,0.3367352413613442,30.854430198669434,175,
R104,GLS,2,"(1.0, 1.0, 1.0)",10,1015.7380886371077,298.9839881537534,777.3583691997588,0.29435145880462427,6.937126155277236,18.126632023816562,74.93624182090619,0.3145048626820806,30.646095991134644,150,
R104,GLS,2,"(0.93, 1.0, 1.09)",9,1093.6676146325844,337.0856369497292,876.4226560692958,0.3082157983282448,2.866081636859706,59.606816122328496,37.52710224081173,0.3307081133052483,30.722333431243896,180,
R104,GLS,2,"(0.85, 1.0, 1.18)",10,1065.3782505120278,310.249929052326,806.6498155360476,0.29121105945537923,24.79346725903692,60.220633786556924,14.985898954406148,0.3161219900710134,30.409226655960083,147,
R104,GLS,2,"(0.75, 1.0, 1.3)",10,1046.794233772831,304.2399581647389,791.0238912283211,0.29063969627364533,17.778307400370558,75.35451239560061,6.867180204028843,0.33866585454336084,30.47925066947937,162,
R104,GLS,3,"(1.0, 1.0, 1.0)",10,1069.670408653377,311.36917364745557,809.5598514833845,0.29108889161423335,13.067106512543027,17.188559905187372,69.74433358226959,0.30362963871411147,30.34071183204651,112,
R104,GLS,3,"(0.85, 1.0, 1.18)",10,1086.1882983143184,317.2503892603878,824.8510120770084,0.29207678793146297,20.050493552339173,60.34262693678989,19.606879510870957,0.3056190508861,30.872654676437378,155,
R104,GLS,3,"(0.93, 1.0, 1.09)",10,1036.5035474009997,303.74586075519386,789.739237963504,0.29304854915048495,24.487059242006538,55.6665351373787,19.84640562061473,0.30873336866761597,30.953686952590942,155,
R104,GLS,3,"(0.75, 1.0, 1.3)",10,1143.2883305217856,331.4100016732826,861.6660043505348,0.2898743849874076,16.764076805426548,74.35725013643149,8.878673058141965,0.32437287413045296,30.587252616882324,133,
R104,HGLS,1,"(0.93, 1.0, 1.09)",10,1026.8765507200455,297.82623948200757,774.3482226532198,0.2900312011927548,20.67111572464744,61.688073002609,17.640811272743534,0.2989466030240033,30.575986623764038,140,
R104,HGLS,1,"(1.0, 1.0, 1.0)",9,1129.60496758675,341.17517474015045,887.0554543243912,0.3020305191017578,5.409872447787272,16.619322181436925,77.97080537077578,0.34010173033919283,30.77892565727234,150,
R104,HGLS,1,"(0.85, 1.0, 1.18)",9,1128.3008621375154,360.0109201448298,936.0283923765576,0.3190735133028306,0.8773807828044651,59.57537336752435,39.547245849671185,0.326647069439681,30.35531759262085,165,
R104,HGLS,1,"(0.75, 1.0, 1.3)",10,1098.4420001806036,310.8676253460683,808.2558258997775,0.28300777400623434,26.856401473143716,62.52490547411213,10.618693052744094,0.31116314859989136,30.33721947669983,159,
R104,HGLS,2,"(1.0, 1.0, 1.0)",9,1079.3889522831541,331.7591172197824,862.5737047714343,0.3073582664692242,3.1057316186512014,13.2769850425605,83.61728333878823,0.3578608882307471,30.331287622451782,135,
R104,HGLS,2,"(0.93, 1.0, 1.09)",10,1052.6737751845344,312.3256445667038,812.0466758734299,0.29669746879744663,11.973219293689821,59.267128392266336,28.7596523140438,0.3048706633308356,30.37821912765503,178,
R104,HGLS,2,"(0.85, 1.0, 1.18)",9,1087.451590492343,355.7304538106502,924.8991799076906,0.32712302498872015,4.635440923726841,60.71510886179933,34.649450214473795,0.3671487371447473,30.38554573059082,146,
R104,HGLS,2,"(0.75, 1.0, 1.3)",10,1088.848357684884,320.54308925501357,833.4120320630353,0.2943872642987259,17.971627576498275,72.74874756660284,9.279624856898817,0.3369778430685819,30.455049991607666,174,
R104,HGLS,3,"(1.0, 1.0, 1.0)",10,1060.8597553800753,309.24962741897764,804.0490312893419,0.29150849191011347,13.94554232393549,17.830195739851494,68.224261936213,0.3050283063670449,30.787564039230347,132,
R104,HGLS,3,"(0.93, 1.0, 1.09)",10,1085.3645343833302,319.4506842589293,830.5717790732162,0.29432570729836044,22.099782767937498,57.816016457135916,20.08420077492655,0.31170705792759174,30.64902377128601,165,
R104,HGLS,3,"(0.85, 1.0, 1.18)",10,1065.9932312342307,314.5105363125826,817.7273944127147,0.2950398999705048,23.534957228308855,63.081201907974084,13.383840863717063,0.3286500577144194,30.386103630065918,157,
R110,GLS,1,"(1.0, 1.0, 1.0)",11,1178.0967753134842,336.8495970281881,875.808952273289,0.2859269323936096,19.376121382171643,9.794022573361023,70.82985604446728,0.2864231079786984,30.39863657951355,172,
R104,HGLS,3,"(0.75, 1.0, 1.3)",10,1108.1063876987698,325.38357161469315,845.9972861982022,0.29363928881451967,18.6494883772396,64.51579980242812,16.83471182033224,0.32153095573617074,30.455161809921265,149,
R110,GLS,1,"(0.93, 1.0, 1.09)",11,1119.671313760668,326.89482470702603,849.9265442382678,0.29195605950560277,13.275963204603512,55.06131050515259,31.66272629024389,0.2884536621542354,30.42064380645752,162,
R110,GLS,1,"(0.85, 1.0, 1.18)",11,1126.0590705220322,323.4093820362241,840.8643932941826,0.28720463295615034,24.214119470177494,57.76861712553325,18.01726340428923,0.29552546597326207,30.391169548034668,165,
R110,GLS,1,"(0.75, 1.0, 1.3)",11,1159.4401584754585,312.43112110680937,812.3209148777044,0.2694672241796621,26.509872396589255,71.57199207537958,1.9181355280311003,0.3006278336680628,30.35076928138733,178,
R110,GLS,2,"(1.0, 1.0, 1.0)",11,1262.6781499034587,356.18887917734673,926.0910858611015,0.2820899998978996,14.311045403895207,11.81852334399063,73.87043125211409,0.27363333299299863,30.32364273071289,212,
R110,GLS,2,"(0.93, 1.0, 1.09)",11,1189.5182172556065,332.98713802234374,865.7665588580937,0.27993445849916787,10.031910984202538,72.45432430972598,17.513764706071456,0.25679997534289933,30.45467782020569,155,
R110,GLS,2,"(0.85, 1.0, 1.18)",11,1179.2798116546628,342.46709513932274,890.4144473622391,0.2904035935786967,21.02399017067377,50.76286335103875,28.213146478287438,0.28512181632040656,30.407976865768433,167,
R110,GLS,2,"(0.75, 1.0, 1.3)",11,1219.2514949338295,335.170219389115,871.4425704116991,0.27489834606051083,29.642909567093643,61.30909450983455,9.047995923071811,0.29821359155974253,30.439181089401245,163,
R110,GLS,3,"(1.0, 1.0, 1.0)",11,1144.57994397379,328.12914313986045,853.1357721636372,0.286680842930596,16.9778791524554,11.086854983067331,71.93526586447723,0.28893614310198645,30.44122862815857,179,
R110,GLS,3,"(0.93, 1.0, 1.09)",11,1162.2302043172624,334.9672241823032,870.9147828739883,0.2882107373720127,16.76824563767935,60.30007505693484,22.931679305385778,0.28690434883616617,30.64645290374756,155,
R110,GLS,3,"(0.75, 1.0, 1.3)",11,1168.7944738549409,323.04495611656165,839.9168859030603,0.2763915841004009,21.50180023720377,72.25751473650527,6.240685026290885,0.2935252662429552,30.281084775924683,214,
R110,GLS,3,"(0.85, 1.0, 1.18)",11,1223.0839927687928,351.01162380821825,912.6302219013675,0.2869889769496576,21.0482411744034,61.91136473127265,17.040394094323922,0.29426374050323817,30.37783455848694,157,
R110,HGLS,1,"(1.0, 1.0, 1.0)",11,1129.1899196001746,318.5874415625702,828.3273480626825,0.28213804961646854,15.424299144032279,8.907342074139342,75.66835878182833,0.2737934987215618,30.467206239700317,167,
R110,HGLS,1,"(0.85, 1.0, 1.18)",11,1100.0322117245641,310.8331725744394,808.1662486935425,0.28256733690292024,34.6077840023985,50.17170928139238,15.22050671620913,0.3014318753183149,30.311949253082275,188,
R110,HGLS,1,"(0.93, 1.0, 1.09)",11,1086.792476266167,311.01017167487623,808.6264463546783,0.2861725476269368,24.193970473844868,54.45599265763353,21.350036868521624,0.2851351236149293,30.412575244903564,185,
R110,HGLS,1,"(0.75, 1.0, 1.3)",11,1162.1563006161346,309.56092961007164,804.8584169861863,0.2663677247595296,33.222078502875995,60.73343151577378,6.0444899813502495,0.28746712136584723,30.665433406829834,184,
R110,HGLS,2,"(1.0, 1.0, 1.0)",12,1138.9947786302741,314.0582394284746,816.551422514034,0.27573281749908723,23.408509885156132,10.89495422199929,65.69653589284448,0.2524427249969572,30.368327617645264,238,
R110,HGLS,2,"(0.93, 1.0, 1.09)",11,1148.0440280982873,335.5087521451946,872.322755577506,0.2922438024445442,22.285540134704,47.03631478891077,30.678145076385228,0.29448474131195906,30.643914937973022,166,
R110,HGLS,2,"(0.85, 1.0, 1.18)",11,1204.4097971904912,346.53284892050846,900.985407193322,0.2877200515379902,22.664488654795758,64.18854506080211,13.14696628440212,0.3024157003812163,30.270734071731567,167,
R110,HGLS,2,"(0.75, 1.0, 1.3)",11,1164.1335203347057,320.41044489948484,833.0671567386606,0.27523513351575174,27.833173553902288,66.92312682301011,5.243699623087544,0.3048967890851396,30.581032752990723,184,
R110,HGLS,3,"(1.0, 1.0, 1.0)",11,1171.8040083832761,337.164410119584,876.6274663109184,0.2877310605762184,19.24589881342188,14.258622198033597,66.49547898854443,0.29243686858739454,30.506105422973633,195,
R110,HGLS,3,"(0.85, 1.0, 1.18)",11,1140.129022338815,321.55657983867394,836.0471075805523,0.282035255254748,22.61652861357895,56.693683922458156,20.68978746396291,0.273201785826784,30.295451402664185,195,
R110,HGLS,3,"(0.93, 1.0, 1.09)",11,1176.1650042906585,331.37688714496113,861.579906576899,0.28174353592913903,26.12771877034468,55.3844246481114,18.487856581543863,0.27741600458121163,30.403113842010498,158,
R110,HGLS,3,"(0.75, 1.0, 1.3)",11,1134.604679174113,303.41840563626806,788.887854654297,0.2674221349564048,35.7788072616429,54.47772608602188,9.743466652335128,0.285976091916588,30.39990496635437,231,
R202,GLS,1,"(0.93, 1.0, 1.09)",4,1732.5811044439276,495.20867528841245,1287.5425557498725,0.2858213529041977,13.575176865797905,31.849633413424883,54.575189720777196,0.24556720166058416,30.993515729904175,0,
R202,GLS,1,"(1.0, 1.0, 1.0)",4,1415.9283373005046,359.7424296849524,935.3303171808762,0.25406824639925524,25.157292587943758,2.5428857072038937,72.29982170485229,0.18022748799751728,31.326385498046875,45,
R202,GLS,2,"(0.93, 1.0, 1.09)",4,1627.7879538739298,419.4339578592167,1090.5282904339635,0.25767112777866236,19.860867798035443,65.56905881235177,14.570073389612764,0.19326046777418354,31.08560299873352,34,
R202,GLS,1,"(0.85, 1.0, 1.18)",4,1585.3976470627722,476.49146976218157,1238.8778213816722,0.3005501305271682,14.694193765777825,34.84907911989498,50.45672711432719,0.2600504579152296,33.24651288986206,0,
R202,GLS,2,"(1.0, 1.0, 1.0)",4,1680.1728689340543,443.1216097058285,1152.1161852351543,0.26373572499534315,17.762176857890452,1.3668955898415298,80.87092755226801,0.21245241665114417,31.950472116470337,15,
R202,GLS,2,"(0.85, 1.0, 1.18)",3,1479.7546419437997,411.7222851566504,1070.4779414072912,0.278236860007963,20.299650933938075,58.80747405871123,20.892875007350654,0.2497167280538682,31.88302755355835,19,
R202,GLS,2,"(0.75, 1.0, 1.3)",4,1719.6196898152075,467.42681328345543,1215.309714536984,0.2718198774135261,20.680813077877385,53.75488376952263,25.564303152599955,0.20998294251371596,31.720764636993408,30,
R202,GLS,3,"(1.0, 1.0, 1.0)",4,1490.8646508448423,391.22045444899055,1017.1731815673754,0.2624117851525247,17.042247000026222,1.7715817518551864,81.18617124811858,0.20803928384174938,31.105363845825195,34,
R202,GLS,3,"(0.93, 1.0, 1.09)",4,1757.1187180703118,465.1014136432525,1209.2636754724565,0.2646954977259774,32.24456489667205,52.80719730677262,14.948237796555311,0.22143124841911568,31.72322154045105,25,
R202,GLS,1,"(0.75, 1.0, 1.3)",3,1628.212470915425,482.0304259336559,1253.2791074275053,0.2960488477665605,19.057601132392115,38.85096827338826,42.091430594219645,0.2416555556801133,36.582030057907104,0,
R202,GLS,3,"(0.85, 1.0, 1.18)",4,1683.0527949810692,443.09061294670175,1152.0355936614246,0.2632660212846654,22.168155880610087,65.39334606062425,12.438498058765695,0.21482202171832668,31.84266686439514,30,
R202,HGLS,1,"(1.0, 1.0, 1.0)",4,1424.5299156755477,366.8523977783611,953.8162342237389,0.25752523252864823,16.815183581190368,2.8131372963288426,80.37167912248078,0.19175077509549396,30.76363515853882,43,
R202,GLS,3,"(0.75, 1.0, 1.3)",4,1933.2829172129705,587.0518628400015,1526.334843384004,0.30365543377701704,14.856127426260054,36.46554895303873,48.678323620701214,0.24272902571854532,31.778040647506714,7,
R202,HGLS,1,"(0.93, 1.0, 1.09)",4,1732.5811044439276,495.20867528841245,1287.5425557498725,0.2858213529041977,13.575176865797905,31.849633413424883,54.575189720777196,0.24556720166058416,31.073339223861694,0,
R202,HGLS,1,"(0.85, 1.0, 1.18)",4,1585.3976470627722,476.49146976218157,1238.8778213816722,0.3005501305271682,14.694193765777825,34.84907911989498,50.45672711432719,0.2600504579152296,32.50233459472656,0,
R202,HGLS,2,"(0.93, 1.0, 1.09)",4,1580.000791498841,413.98017422712,1076.348452990512,0.26201263724330465,46.166835840785616,38.953779041216684,14.879385117997739,0.21918316954656447,31.593100786209106,37,
R202,HGLS,2,"(1.0, 1.0, 1.0)",4,1520.9701911278755,391.7503180707978,1018.5508269840743,0.257566072205725,19.52125923562956,3.1875165581424514,77.29122420622805,0.1918869073524168,32.17325806617737,31,
R202,HGLS,2,"(0.75, 1.0, 1.3)",3,1646.6471661193514,496.5098617998882,1290.9256406797094,0.3015277783946949,4.464924162056976,62.49020816489082,33.04486767305219,0.25604505661071314,32.207374811172485,43,
R202,HGLS,2,"(0.85, 1.0, 1.18)",3,1576.778432098255,448.15682235928824,1165.2077381341494,0.28422307994339807,19.51836761705759,50.163249967059556,30.318382415882816,0.25100995143645605,32.74086904525757,14,
R202,HGLS,3,"(0.93, 1.0, 1.09)",4,1589.3386713029265,429.71650771102304,1117.26292004866,0.2703744113636555,13.765060840513476,58.24377236898229,27.99116679050417,0.2180326602097305,32.33060050010681,27,
R202,HGLS,1,"(0.75, 1.0, 1.3)",3,1628.212470915425,482.0304259336559,1253.2791074275053,0.2960488477665605,19.057601132392115,38.85096827338826,42.091430594219645,0.2416555556801133,35.71324348449707,0,
R202,HGLS,3,"(1.0, 1.0, 1.0)",4,1634.1936374252807,433.01730566314484,1125.8449947241766,0.2649730703549771,11.302448528022747,3.292857466536517,85.40469400544072,0.21657690118325698,33.17192625999451,27,
R202,HGLS,3,"(0.85, 1.0, 1.18)",4,1690.2632917980588,448.7117129464532,1166.6504536607783,0.26546853092285116,12.376316259604346,62.60829120790167,25.015392532494005,0.1944601616668878,31.495988368988037,55,
R202,HGLS,3,"(0.75, 1.0, 1.3)",4,1823.7983684392088,510.0130405587879,1326.0339054528486,0.27964332537223,19.63303938459418,51.312258462643264,29.054702152762506,0.22662469890957337,30.936455965042114,21,
R208,GLS,1,"(1.0, 1.0, 1.0)",2,1014.2076481676215,309.3804635464645,804.3892052208078,0.30504647061716117,18.924712551965914,1.553778112486576,79.52150933554752,0.35015490205720423,68.60174775123596,0,
R208,GLS,2,"(1.0, 1.0, 1.0)",2,1089.7757203216331,327.6134819610041,851.7950530986107,0.3006246843747934,4.451274559404276,4.154910859192394,91.3938145814033,0.3354156145826447,65.95025992393494,0,
R208,GLS,1,"(0.85, 1.0, 1.18)",3,1116.164340971312,345.41906337171696,898.0895647664642,0.3094697175786187,28.922706933148007,9.722161223992597,61.35513184285935,0.2833555655016357,72.50359678268433,0,
R208,GLS,1,"(0.93, 1.0, 1.09)",3,1092.7309816101715,327.93165697150874,852.6223081259228,0.30010282721946047,28.077221738544335,9.270735058114917,62.65204320334071,0.2902770931765043,75.19432091712952,0,
R208,HGLS,1,"(1.0, 1.0, 1.0)",2,1014.2076481676215,309.3804635464645,804.3892052208078,0.30504647061716117,18.924712551965914,1.553778112486576,79.52150933554752,0.35015490205720423,68.51246571540833,0,
R208,GLS,3,"(1.0, 1.0, 1.0)",2,932.0100465396557,292.7051194999968,761.0333106999917,0.31405790161462876,13.39292933499542,2.5795462881117865,84.0275243768928,0.38019300538209605,70.35404658317566,0,
R208,GLS,1,"(0.75, 1.0, 1.3)",2,1024.102645802729,346.0645993444481,899.767958295565,0.3379198371987312,6.626754358705083,48.268792827366475,45.10445281392844,0.33282609824683723,80.1474552154541,0,
R208,GLS,2,"(0.93, 1.0, 1.09)",2,934.0952718300305,300.49954134983597,781.2988075095735,0.32170116947612104,19.3422060850213,14.085542052502783,66.57225186247591,0.349648555054204,74.95691466331482,0,
R208,HGLS,1,"(0.93, 1.0, 1.09)",3,1092.7309816101715,327.93165697150874,852.6223081259228,0.30010282721946047,28.077221738544335,9.270735058114917,62.65204320334071,0.2902770931765043,75.4630537033081,0,
R208,GLS,3,"(0.75, 1.0, 1.3)",2,967.9007916644036,333.3314706675158,866.6618237355411,0.34438598825228617,12.221557855695469,48.415739342385976,39.36270280191854,0.36363568513934336,89.23010087013245,0,
R208,GLS,3,"(0.93, 1.0, 1.09)",2,901.3166888044518,295.86625433194706,769.2522612630623,0.32826004223265604,6.367777964884882,36.30169526874062,57.330526766374504,0.3725648419667975,90.5311975479126,0,
R208,GLS,3,"(0.85, 1.0, 1.18)",2,905.1211586395805,304.4311055279311,791.5208743726208,0.33634293334330906,9.787107932713782,42.805062608711296,47.407829458574945,0.3674082879805152,91.13896632194519,0,
R208,GLS,2,"(0.85, 1.0, 1.18)",2,1053.6821946697617,370.4068101728444,963.0577064493955,0.3515356072700222,3.6638705171974064,32.05111179885091,64.28501768395166,0.3776858991229728,92.92809796333313,0,
R208,GLS,2,"(0.75, 1.0, 1.3)",2,1015.7755632303398,340.99592154786274,886.5893960244431,0.3357000639623949,10.619686075382187,56.17741121807811,33.202902706539646,0.36611164376605576,93.123539686203,0,
RC103,GLS,1,"(1.0, 1.0, 1.0)",11,1365.5089200452737,418.99042846864523,1089.3751140184777,0.30683829473245294,14.017684237715326,18.077812795851248,67.90450296643341,0.3561276491081763,30.354206085205078,165,
RC103,GLS,1,"(0.93, 1.0, 1.09)",11,1305.0238104516843,401.80330211376054,1044.6885854957775,0.3078896330440834,22.19058678591102,66.88888996987534,10.920523244213621,0.36309365152069273,30.19821786880493,191,
RC103,GLS,1,"(0.85, 1.0, 1.18)",11,1365.9674680803219,418.28371954097184,1087.5376708065269,0.30621792196033165,20.315769812437285,64.27920811390109,15.405022073661591,0.35900279631365406,30.205919981002808,194,
RC103,GLS,1,"(0.75, 1.0, 1.3)",11,1459.3483967644136,450.67533850747566,1171.7558801194368,0.3088195659834814,21.18893916788569,61.23527679375049,17.57578403836387,0.3678188778807375,30.227014780044556,188,
R208,HGLS,2,"(1.0, 1.0, 1.0)",2,1089.7757203216331,327.6134819610041,851.7950530986107,0.3006246843747934,4.451274559404276,4.154910859192394,91.3938145814033,0.3354156145826447,65.4118812084198,0,
R208,HGLS,1,"(0.85, 1.0, 1.18)",3,1116.164340971312,345.41906337171696,898.0895647664642,0.3094697175786187,28.922706933148007,9.722161223992597,61.35513184285935,0.2833555655016357,72.52616834640503,0,
R208,HGLS,2,"(0.93, 1.0, 1.09)",2,934.0952718300305,300.49954134983597,781.2988075095735,0.32170116947612104,19.3422060850213,14.085542052502783,66.57225186247591,0.349648555054204,73.9345326423645,0,
R208,HGLS,3,"(1.0, 1.0, 1.0)",2,932.0100465396557,292.7051194999968,761.0333106999917,0.31405790161462876,13.39292933499542,2.5795462881117865,84.0275243768928,0.38019300538209605,69.84034705162048,0,
R208,HGLS,1,"(0.75, 1.0, 1.3)",2,1024.102645802729,346.0645993444481,899.767958295565,0.3379198371987312,6.626754358705083,48.268792827366475,45.10445281392844,0.33282609824683723,79.9512734413147,0,
RC103,GLS,2,"(1.0, 1.0, 1.0)",11,1402.7066454328005,427.3973607687006,1111.2331379986215,0.30469475721121186,10.8705459280399,18.818613316925923,70.31084075503416,0.3489825240373728,30.362270832061768,192,
RC103,GLS,2,"(0.93, 1.0, 1.09)",11,1382.3631558646578,427.5813109724143,1111.7114085282772,0.3093118542391745,15.777318170748442,55.00113831716724,29.221543512084327,0.34812735262894173,30.559598922729492,190,
RC103,GLS,2,"(0.85, 1.0, 1.18)",11,1473.369979242837,468.0777083722612,1217.0020417678793,0.3176919001789393,16.80507123806836,63.0666387796485,20.128289982283142,0.37127522781790406,30.515878677368164,190,
RC103,GLS,2,"(0.75, 1.0, 1.3)",11,1413.0532110359604,424.63926952688405,1104.0621007698985,0.30051187471954127,17.702648268328453,75.45312055553251,6.844231176139039,0.36656572949609806,30.41450786590576,219,
RC103,GLS,3,"(1.0, 1.0, 1.0)",11,1415.9276471749195,426.62646730642604,1109.2288149967078,0.30130527372471166,12.902419380940438,11.367859957634987,75.72972066142457,0.3376842457490387,30.240537643432617,225,
R208,HGLS,3,"(0.93, 1.0, 1.09)",2,901.3166888044518,295.86625433194706,769.2522612630623,0.32826004223265604,6.367777964884882,36.30169526874062,57.330526766374504,0.3725648419667975,86.554603099823,0,
RC103,GLS,3,"(0.93, 1.0, 1.09)",11,1434.4372831122776,447.98775311397253,1164.7681580963285,0.31230905553568716,12.518628315798352,55.994655250060006,31.486716434141666,0.352287666232204,30.41878080368042,200,
R208,HGLS,2,"(0.85, 1.0, 1.18)",2,1053.6821946697617,370.4068101728444,963.0577064493955,0.3515356072700222,3.6638705171974064,32.05111179885091,64.28501768395166,0.3776858991229728,92.78057384490967,0,
R208,HGLS,2,"(0.75, 1.0, 1.3)",2,1015.7755632303398,340.99592154786274,886.5893960244431,0.3357000639623949,10.619686075382187,56.17741121807811,33.202902706539646,0.36611164376605576,93.03643774986267,0,
R208,HGLS,3,"(0.85, 1.0, 1.18)",2,905.1211586395805,304.4311055279311,791.5208743726208,0.33634293334330906,9.787107932713782,42.805062608711296,47.407829458574945,0.3674082879805152,90.44936680793762,0,
RC103,GLS,3,"(0.85, 1.0, 1.18)",12,1406.7759354284224,405.58294551007873,1054.5156583262046,0.28830671274353414,29.04847329120746,64.22050854919628,6.731018159596317,0.32581637036306804,30.3289737701416,224,
RC103,GLS,3,"(0.75, 1.0, 1.3)",11,1391.489371199387,418.0917223736992,1087.038478171618,0.300463468156661,11.950678976258477,83.18892776690005,4.860393256841455,0.35432443780609507,30.178913593292236,192,
RC103,HGLS,1,"(1.0, 1.0, 1.0)",11,1337.4563094239709,413.0672928323083,1073.9749613640015,0.3088454478264133,17.996985634569185,11.308800813180731,70.69421355225009,0.3628181594213777,30.17016363143921,179,
R208,HGLS,3,"(0.75, 1.0, 1.3)",2,967.9007916644036,333.3314706675158,866.6618237355411,0.34438598825228617,12.221557855695469,48.415739342385976,39.36270280191854,0.36363568513934336,88.32957172393799,0,
RC103,HGLS,1,"(0.93, 1.0, 1.09)",11,1368.9350722373617,424.6984468934544,1104.2159619229815,0.31024002197513667,13.916265584591285,64.8885049724135,21.195229442995185,0.35745909441708684,30.523468494415283,214,
RC103,HGLS,1,"(0.85, 1.0, 1.18)",11,1304.8595969721189,391.1281567722735,1016.9332076079111,0.29974731203255334,23.382934245341904,68.04446857066759,8.572597183990473,0.3491442706291554,30.304255485534668,235,
RC103,HGLS,1,"(0.75, 1.0, 1.3)",11,1400.9942790798134,425.2671639939202,1105.6946263841926,0.3035466813420821,25.290926045889847,57.63779760308761,17.071276351022572,0.35577831479045713,30.17548894882202,239,
RC103,HGLS,2,"(1.0, 1.0, 1.0)",11,1360.4554657342642,415.48832400409924,1080.269642410658,0.3054038404556316,20.421401947187857,13.85314180390653,65.72545624890564,0.3513461348521053,30.2765154838562,205,
RC103,HGLS,2,"(0.93, 1.0, 1.09)",11,1373.4493358091454,428.95954432650205,1115.2948152489055,0.3123228015351491,18.48623106219685,54.595771557234706,26.91799738056845,0.36115610263323183,30.341434001922607,195,
RC103,HGLS,2,"(0.85, 1.0, 1.18)",11,1428.4929630780446,440.93288626029874,1146.4255042767768,0.3086699743414898,17.51134324123119,68.61497526487328,13.873681493895544,0.3609433609697292,30.26168918609619,213,
RC103,HGLS,2,"(0.75, 1.0, 1.3)",11,1454.9414354276778,452.552295832957,1176.6359691656883,0.3110450254651865,15.194039328127076,69.41431991470354,15.391640757169341,0.36732530151634124,30.288673400878906,228,
RC103,HGLS,3,"(1.0, 1.0, 1.0)",11,1392.4385854046761,430.95750239641904,1120.4895062306896,0.3094983914649079,11.440997804359327,12.40536223197939,76.15363996366123,0.3649946382163592,30.223145723342896,206,
RC103,HGLS,3,"(0.93, 1.0, 1.09)",11,1376.4527937762823,422.2125907617611,1097.7527359805788,0.30673960826758595,12.644099846210402,70.6223814382752,16.7335187155144,0.34807571789262237,30.18732976913452,216,
RC103,HGLS,3,"(0.85, 1.0, 1.18)",11,1356.473323707179,413.9922830095636,1076.3799358248655,0.30519751164596576,23.953123140379553,59.02307997901564,17.023796880604742,0.35292905720555745,30.317863941192627,241,
RC103,HGLS,3,"(0.75, 1.0, 1.3)",11,1377.6211840608694,417.49157020787953,1085.4780825404869,0.3030525191092248,21.18338621192275,71.34741356483858,7.4692002232386505,0.37193009809850475,30.15115523338318,226,
RC107,GLS,1,"(1.0, 1.0, 1.0)",12,1410.2266911896188,422.3864298669332,1098.2047176540264,0.2995166894129784,19.96730885908164,16.21527356522097,63.81741757569736,0.33172229804326137,30.51826000213623,200,
RC107,GLS,1,"(0.93, 1.0, 1.09)",11,1357.077910998892,418.697911782334,1088.6145706340685,0.308529015459508,21.008168450197104,66.71370835719864,12.27812319260426,0.3658234923470494,30.598830223083496,190,
RC107,GLS,1,"(0.85, 1.0, 1.18)",11,1274.24435365451,386.3471703273074,1004.5026428509993,0.30319708242714255,30.339031208276936,57.76969545244832,11.891273339274761,0.37237042594642855,30.66559600830078,185,
RC107,GLS,1,"(0.75, 1.0, 1.3)",11,1298.596456694438,383.73690193702265,997.715945036259,0.29550126982004893,22.694360439504987,69.77637057574839,7.529268984746598,0.3630106660688915,30.185190200805664,170,
RC107,GLS,2,"(1.0, 1.0, 1.0)",12,1344.7887358198186,404.2720785657141,1051.1074042708567,0.3006212558132852,26.146131604508508,15.262595715473504,58.59127268001798,0.33540418604428374,30.234832048416138,222,
RC107,GLS,2,"(0.93, 1.0, 1.09)",11,1272.8642399690123,395.9569149617138,1029.4879789004558,0.31107552756086015,18.170372064551426,62.06056190046906,19.7690660349795,0.3651895355209175,30.341530561447144,213,
RC107,GLS,2,"(0.85, 1.0, 1.18)",11,1339.052703825893,402.9417771716381,1047.6486206462591,0.30091554725244746,24.237080148407752,64.85982320466668,10.903096646925539,0.3613978124709174,30.192866802215576,180,
RC107,GLS,2,"(0.75, 1.0, 1.3)",11,1318.6875490673347,384.3719561240851,999.3670859226213,0.29148068956587864,23.896587471573024,72.08348723380728,4.019925294619648,0.36775736562140493,30.193902015686035,190,
RC107,GLS,3,"(1.0, 1.0, 1.0)",11,1283.234578656885,395.79119663914605,1029.0571112617797,0.3084324590546853,22.87848059726381,11.011586208220512,66.10993319451569,0.36144153018228437,30.28580069541931,208,
RC107,GLS,3,"(0.93, 1.0, 1.09)",11,1312.3025246477234,408.6934105470919,1062.602867422439,0.3114323129545165,26.05524764322581,61.612735777737065,12.332016579037067,0.37913167683816323,30.202367782592773,197,
RC107,GLS,3,"(0.85, 1.0, 1.18)",11,1288.233769311777,386.7591928267869,1005.5739013496459,0.30022438631880316,27.30998972972803,63.91858487541051,8.771425394861492,0.36288216497891584,30.153688430786133,223,
RC107,GLS,3,"(0.75, 1.0, 1.3)",11,1434.4735506149914,436.14181386378516,1133.9687160458413,0.304043119984193,21.255804079096606,65.55429066815047,13.189905252752935,0.3693505595009404,30.343465089797974,184,
RC107,HGLS,1,"(1.0, 1.0, 1.0)",12,1351.3761936039132,403.00988101862754,1047.8256906484316,0.29822182966229555,29.13914072677428,9.248290002538829,61.612569270686876,0.3274060988743183,30.22568702697754,219,
RC107,HGLS,1,"(0.93, 1.0, 1.09)",11,1341.2683642407947,412.0169600377677,1071.244096098196,0.3071845806718806,20.474693783915992,58.25492983922349,21.270376376860455,0.3513133722844309,30.338609218597412,206,
RC107,HGLS,1,"(0.85, 1.0, 1.18)",11,1291.1846907791298,384.77505102461157,1000.4151326639901,0.2980015591668994,31.10872830682735,60.19523722983184,8.696034463340784,0.3649297009844969,30.137776613235474,219,
RC107,HGLS,1,"(0.75, 1.0, 1.3)",11,1384.536390199482,422.9430504255158,1099.6519311063412,0.3054762976396589,20.10749805518812,64.08832802789074,15.804173916921112,0.366770633810235,30.250012159347534,186,
RC107,HGLS,2,"(1.0, 1.0, 1.0)",11,1380.4270992548654,419.70780537568487,1091.2402939767808,0.3040419922227237,16.521174244250105,15.074548604244132,68.40427715150577,0.3468066407424123,30.123806476593018,224,
RC107,HGLS,2,"(0.93, 1.0, 1.09)",11,1290.1552851683812,404.1672113293078,1050.8347494562004,0.3132702055137177,20.250298398880137,61.155689170330255,18.594012430789615,0.37308352749353413,30.4073224067688,226,
RC107,HGLS,2,"(0.75, 1.0, 1.3)",11,1344.6742281440784,396.5671573487049,1031.0746091066328,0.2949169018402677,24.108300769745796,70.7607000282664,5.130999201987791,0.37527962739277904,30.180287837982178,201,
RC107,HGLS,2,"(0.85, 1.0, 1.18)",11,1360.312584920554,422.9433055088251,1099.6525943229453,0.3109162630687021,18.265725037640202,68.5574896201661,13.176785342193673,0.3700990528530367,30.500707864761353,181,
RC107,HGLS,3,"(1.0, 1.0, 1.0)",12,1319.2967009894835,398.22639936033426,1035.388638336869,0.301847491213812,31.37450563054809,9.074592048027094,59.55090232142486,0.3394916373793734,30.213178157806396,232,
RC107,HGLS,3,"(0.93, 1.0, 1.09)",11,1347.6878897438094,418.8412040557983,1088.9871305450756,0.31078501724566104,18.183828461794054,61.46096948278792,20.35520205541804,0.36396496750289775,30.3758442401886,172,
RC107,HGLS,3,"(0.85, 1.0, 1.18)",11,1304.1561052248928,394.1764349645817,1024.8587309079123,0.30224635945449846,25.666529776187634,62.41684602658646,11.916624197225893,0.36414968359644,30.22236442565918,233,
RC107,HGLS,3,"(0.75, 1.0, 1.3)",11,1369.0984727296623,425.98478863117236,1107.5604504410483,0.31114254899566013,24.059652347907434,60.66478487772063,15.275562774371926,0.3779506937683173,30.3064022064209,199,
RC202,GLS,1,"(1.0, 1.0, 1.0)",4,1842.896530303117,482.9896742404991,1255.7731530252977,0.2620818186472236,11.68741235149682,7.255724791301482,81.0568628572017,0.2069393954907454,31.294281721115112,32,
RC202,GLS,1,"(0.93, 1.0, 1.09)",4,1929.4467052067703,505.18896192326986,1313.4913010005016,0.26183100085634703,16.571231271548562,55.72053763062313,27.70823109782831,0.1963509147515367,32.016300678253174,40,
RC202,GLS,1,"(0.85, 1.0, 1.18)",4,1747.500738955147,484.7123264653246,1260.2520488098442,0.27737460457678564,16.339552110124462,59.05108088498391,24.60936700489158,0.23387818346765107,30.95652723312378,18,
RC202,GLS,1,"(0.75, 1.0, 1.3)",4,1815.077030517763,446.9540766699523,1162.080599341876,0.24624523871719958,30.424020971259225,60.35001694359023,9.225962085150554,0.20161158006541588,32.28146719932556,60,
RC202,GLS,2,"(1.0, 1.0, 1.0)",4,1752.0246756165402,456.5108698055867,1186.9282614945255,0.2605618951370875,12.977880576920743,3.7334215702047464,83.2886978528745,0.20187298379029167,31.241650342941284,60,
RC202,GLS,2,"(0.93, 1.0, 1.09)",4,2023.212466093172,515.5261549953445,1340.3680029878958,0.25480574266667444,23.44439712872716,63.121792018084115,13.433810853188758,0.18564097872801993,32.37752890586853,65,
RC202,GLS,2,"(0.85, 1.0, 1.18)",4,1955.6546168703767,550.3387849897628,1430.8808409733833,0.2814089871709898,11.161634259526462,47.36048231888079,41.47788342159274,0.2202972644464855,32.033334493637085,25,
RC202,GLS,3,"(1.0, 1.0, 1.0)",4,1687.8529257670289,437.60771354816933,1137.7800552252404,0.2592688657095538,19.84291241121307,1.4995396379577248,78.65754795082918,0.1975628856985127,31.052645444869995,55,
RC202,GLS,3,"(0.85, 1.0, 1.18)",4,1653.381141062433,450.98470587559234,1172.5602352765402,0.27276512031932193,11.12536548002942,60.64554814649763,28.229086373472956,0.2127933846839979,32.35501742362976,40,
RC202,GLS,2,"(0.75, 1.0, 1.3)",3,1812.2038906688886,579.7696089048123,1507.4009831525123,0.3199251540569301,4.693456627407066,48.5275470672629,46.778996305330026,0.2767834409259567,34.627058029174805,15,
RC202,GLS,3,"(0.93, 1.0, 1.09)",4,1717.3424279054848,455.04395171291617,1183.114274453582,0.2649698419597654,33.09884059451737,42.9418271929852,23.959332212497387,0.21540841360095184,34.621034383773804,40,
RC202,HGLS,1,"(1.0, 1.0, 1.0)",4,1602.1962394689829,414.00626744030916,1076.4162953448038,0.2583992255390161,21.635191802891526,3.1079361855715804,75.25687201153688,0.19466408513005382,32.78802680969238,56,
RC202,HGLS,1,"(0.93, 1.0, 1.09)",4,1973.240870793328,534.3289714396882,1389.2553257431894,0.270787504631842,13.297059519813736,57.97635544581632,28.726585034369954,0.2190206475298083,32.582913875579834,13,
RC202,GLS,3,"(0.75, 1.0, 1.3)",4,1959.2158471154296,516.0832626015138,1341.8164827639357,0.2634131728575734,23.808632200047317,59.095360487634515,17.096007312318157,0.2163613396019684,33.788569688797,35,
RC202,HGLS,1,"(0.85, 1.0, 1.18)",4,1740.111030238953,447.5904038098414,1163.7350499055876,0.2572194509613436,33.23532020617593,50.407675108665615,16.357004685158437,0.20729167514061678,31.780473232269287,29,
RC202,HGLS,1,"(0.75, 1.0, 1.3)",4,1722.493219324451,433.25436614923666,1126.4613519880154,0.2515274726707811,33.650110312750265,54.2847047502197,12.065184937030006,0.21268691814452437,31.083319187164307,40,
RC202,HGLS,2,"(1.0, 1.0, 1.0)",4,1718.7120705881198,442.31485247629973,1150.0186164383792,0.25735250251948577,16.80923716464793,5.800246582729079,77.39051625262299,0.19117500839828588,33.13830852508545,59,
RC202,HGLS,2,"(0.93, 1.0, 1.09)",4,1779.8157362724896,474.2743474520526,1233.1133033753367,0.26647384770590726,21.496794096438265,43.48523283356085,35.01797307000088,0.2060007461323913,31.13194465637207,64,
RC202,HGLS,2,"(0.85, 1.0, 1.18)",4,1856.4622877688407,461.82684693384016,1200.7498020279845,0.2487671578230007,37.32093545828122,57.952476396740096,4.726588144978679,0.20780845080485189,31.787405490875244,48,
RC202,HGLS,2,"(0.75, 1.0, 1.3)",3,1736.9933783381848,559.4579230056306,1454.5905998146397,0.322084085053263,3.7762221313575304,48.90620015790759,47.31757771073486,0.2823601918706862,31.678624629974365,18,
RC202,HGLS,3,"(1.0, 1.0, 1.0)",4,1744.8852285216203,463.3783588735238,1204.7837330711618,0.2655638040251667,13.952878239372668,1.8285507691597886,84.21857099146753,0.2185460134172221,30.682103157043457,53,
RC202,HGLS,3,"(0.93, 1.0, 1.09)",4,1689.396069930894,444.10427698713755,1154.6711201665578,0.26287753647094964,14.543386123749627,66.12847702075322,19.328136855497146,0.2022909457422826,33.56756258010864,57,
RC202,HGLS,3,"(0.75, 1.0, 1.3)",4,1873.4674278705313,508.2013067648159,1321.3233975885214,0.2712624191937304,18.78482200964931,64.94632748499679,16.26885050535391,0.2345579701706353,31.08061695098877,31,
RC206,GLS,1,"(1.0, 1.0, 1.0)",3,1563.833906207486,438.3113338930222,1139.6094681218578,0.28027997868136006,9.880345040635628,2.31133040084947,87.80832455851491,0.2675999289378666,31.272875547409058,20,
RC202,HGLS,3,"(0.85, 1.0, 1.18)",4,1846.1775390161758,521.4940139924005,1355.8844363802414,0.28247229909984906,18.840810596824166,48.82489200300679,32.334297400168985,0.244144289038401,36.52195501327515,27,
RC206,GLS,1,"(0.93, 1.0, 1.09)",3,1641.926551414478,476.1414248170736,1237.9677045243914,0.28998947876620296,18.85645752996266,21.679602963469506,59.46393950656778,0.2626422232028597,30.867970943450928,74,
RC206,GLS,1,"(0.85, 1.0, 1.18)",3,1794.3847651013566,539.5966621964926,1402.9513217108808,0.3007140233750331,6.881161309120113,46.84461987659088,46.27421881428902,0.2632804080232005,31.49337649345398,20,
RC206,GLS,2,"(0.93, 1.0, 1.09)",3,1792.3065087686402,527.9701411911957,1372.7223670971089,0.2945758097781637,6.131885207416021,34.139077298543576,59.72903749404036,0.26755576287333843,30.97981595993042,40,
RC206,GLS,2,"(1.0, 1.0, 1.0)",4,1735.815891755833,470.38393437555203,1222.9982293764353,0.27098722658872754,12.439273403808114,5.221409822635738,82.33931677355616,0.23662408862909168,33.56371545791626,30,
RC206,GLS,2,"(0.75, 1.0, 1.3)",3,1609.8598068669844,481.0484942378013,1250.7260850182836,0.2988139042827524,20.033309810278904,50.39029921333827,29.57639097638287,0.27127595843835883,30.71815800666809,19,
RC206,GLS,1,"(0.75, 1.0, 1.3)",3,1741.651376787144,551.9275032259004,1435.011508387341,0.3168989561183313,12.114165880077099,40.087425373684475,47.79840874623839,0.2776869917550298,40.79343008995056,15,
RC206,GLS,3,"(0.93, 1.0, 1.09)",3,1641.885410491264,494.36861622737047,1285.3584021911633,0.30109812357699905,5.072936371619167,40.47740727860189,54.44965634977896,0.2924912138223699,30.514060497283936,19,
RC206,GLS,2,"(0.85, 1.0, 1.18)",3,1774.5520257119824,551.324302824926,1433.4431873448077,0.31068365133094633,10.940895236511642,43.17642499864906,45.882679764839295,0.29669395959476536,35.15998959541321,20,
RC206,GLS,3,"(1.0, 1.0, 1.0)",3,1818.5989724191836,509.98096313711625,1325.9505041565023,0.28042519041936786,8.811309656392032,0.3520910511081571,90.83659929249983,0.2680839680645595,33.88519310951233,50,
RC206,GLS,3,"(0.85, 1.0, 1.18)",3,1599.4775084811445,482.73831351556305,1255.119615140464,0.301810004176907,11.573086799559391,43.00640697936262,45.4205062210779,0.2754421680878205,32.08533549308777,20,
RC206,HGLS,1,"(1.0, 1.0, 1.0)",3,1531.055255420506,436.6308775172997,1135.2402815449793,0.28518296512909236,7.916779076036213,3.427607649548508,88.65561327441527,0.2839432170969746,30.344710111618042,22,
RC206,GLS,3,"(0.75, 1.0, 1.3)",3,1706.746070384435,543.8173727451268,1413.9251691373297,0.3186281674711195,6.561954448713691,42.32784820772519,51.110197343561104,0.27035770385972646,32.36826825141907,19,
RC206,HGLS,1,"(0.93, 1.0, 1.09)",3,1801.094533720313,538.2642730592693,1399.4871099541,0.29885398183261314,12.102327227726907,21.264253885010515,66.63341888726258,0.27723785239382154,32.01922416687012,56,
RC206,HGLS,1,"(0.85, 1.0, 1.18)",3,1827.6666269459802,558.395596148659,1451.8285499865135,0.3055237688952797,10.827990466201946,35.78391692777697,53.38809260602105,0.2715093496873241,30.831249713897705,9,
RC206,HGLS,2,"(0.93, 1.0, 1.09)",3,1794.0502999425612,545.4745231637584,1418.233760225772,0.3040463933375906,2.6740946937521577,21.809013292072738,75.51689201417508,0.28400794443531246,31.151774168014526,55,
RC206,HGLS,1,"(0.75, 1.0, 1.3)",3,1775.2926981391836,558.5427287659691,1452.2110947915196,0.3146200789038446,10.413675278181834,45.401705057172826,44.1846196646453,0.27769651904056825,36.215163469314575,15,
RC206,HGLS,2,"(1.0, 1.0, 1.0)",4,1740.9505111294022,456.105808995848,1185.875103389205,0.26198665963224865,4.9771337691934825,5.605891939338776,89.41697429146771,0.20662219877416188,35.620691776275635,32,
RC206,HGLS,2,"(0.85, 1.0, 1.18)",3,1719.351722782218,500.0710374894549,1300.184697472583,0.29084859767974097,11.280085640343838,61.535997178747,27.183917180909177,0.26687323486023107,32.12658739089966,31,
RC206,HGLS,2,"(0.75, 1.0, 1.3)",3,1713.1717579606038,511.78290220106635,1330.6355457227726,0.29873414607902693,10.289810231315741,65.61487742722313,24.095312341461124,0.27184016389693744,30.80822992324829,19,
RC206,HGLS,3,"(1.0, 1.0, 1.0)",3,1563.7922903228266,440.16753237383966,1144.4355841719832,0.28147442284868424,11.561645426753081,1.3675134255505648,87.07084114769634,0.27158140949561416,31.72265338897705,57,
RC206,HGLS,3,"(0.93, 1.0, 1.09)",3,1756.804814545219,524.7992018973202,1364.4779249330327,0.2987236815110699,8.012513760021129,30.049867559659955,61.937618680318884,0.2800704359174274,30.8344407081604,16,
RC206,HGLS,3,"(0.75, 1.0, 1.3)",3,1895.204860778887,623.0484089849796,1619.925863360947,0.32874990027670176,9.766742064500763,26.514008150400844,63.719249785098356,0.2712032368753993,30.28315544128418,8,
RC206,HGLS,3,"(0.85, 1.0, 1.18)",3,1608.7233280895948,485.4676126585671,1262.2157929122745,0.3017719729563901,10.96572233006661,44.81074628866068,44.22353138127269,0.2783555496019843,31.98963499069214,21,
